SEO Title,URL,Slug,Country,Target N,Live Companies,In Sitemap,Wk1 Indexed,Wk1 Position,Wk1 Impressions,Wk1 Clicks,Wk2 Indexed,Wk2 Position,Wk2 Impressions,Wk2 Clicks,Wk3 Indexed,Wk3 Position,Wk3 Impressions,Wk3 Clicks,Wk4 Indexed,Wk4 Position,Wk4 Impressions,Wk4 Clicks,Notes
Top 10 Artificial Turf Companies in South Korea (2026),https://www.firmsledger.com/directory/artificial-turf?country=South%20Korea,artificial-turf,South Korea,10,3,Yes,,,,,,,,,,,,,,,,,
Top 8 Transformer Manufacturers in United States (2026),https://www.firmsledger.com/directory/transformers?country=United%20States,transformers,United States,8,6,Yes,,,,,,,,,,,,,,,,,
Top 10 Mushroom Producers in United States (2026),https://www.firmsledger.com/directory/mushroom-producers?country=United%20States,mushroom-producers,United States,10,6,Yes,,,,,,,,,,,,,,,,,
Top 6 Vinyl Flooring Manufacturers in Philippines (2026),https://www.firmsledger.com/directory/vinyl-flooring?country=Philippines,vinyl-flooring,Philippines,6,6,Yes,,,,,,,,,,,,,,,,,
Top 7 Construction Companies in Mexico (2026),https://www.firmsledger.com/directory/construction-companies?country=Mexico,construction-companies,Mexico,7,6,Yes,,,,,,,,,,,,,,,,,
Top 11 Gold Companies in Philippines (2026),https://www.firmsledger.com/directory/gold?country=Philippines,gold,Philippines,11,6,Yes,,,,,,,,,,,,,,,,,
Top 5 Loudspeaker Manufacturers in Denmark (2026),https://www.firmsledger.com/directory/loudspeaker-manufacturers?country=Denmark,loudspeaker-manufacturers,Denmark,5,6,Yes,,,,,,,,,,,,,,,,,
Top 4 Pump Manufacturers in China (2026),https://www.firmsledger.com/directory/pumps?country=China,pumps,China,4,6,Yes,,,,,,,,,,,,,,,,,
Top 5 Flexible Packaging Companies in Canada (2026),https://www.firmsledger.com/directory/flexible-packaging?country=Canada,flexible-packaging,Canada,5,6,Yes,,,,,,,,,,,,,,,,,
Top 3 Glass Manufacturers in United Kingdom (2026),https://www.firmsledger.com/directory/glass?country=United%20Kingdom,glass,United Kingdom,3,6,Yes,,,,,,,,,,,,,,,,,
Top 5 Plastic Recycling Companies in India (2026),https://www.firmsledger.com/directory/plastic-recycling?country=India,plastic-recycling,India,5,6,Yes,,,,,,,,,,,,,,,,,
Top Embedded Systems Companies in Singapore (2026),https://www.firmsledger.com/directory/embedded-systems?country=Singapore,embedded-systems,Singapore,,2,Yes,,,,,,,,,,,,,,,,,
Top 5 Toy Manufacturing Companies in Singapore (2026),https://www.firmsledger.com/directory/toy-manufacturing?country=Singapore,toy-manufacturing,Singapore,5,2,Yes,,,,,,,,,,,,,,,,,
Top 5 Toy Manufacturing Companies in India (2026),https://www.firmsledger.com/directory/toy-manufacturing?country=India,toy-manufacturing,India,5,6,Yes,,,,,,,,,,,,,,,,,
Top 5 Toy Manufacturing Companies in United States (2026),https://www.firmsledger.com/directory/toy-manufacturing?country=United%20States,toy-manufacturing,United States,5,6,Yes,,,,,,,,,,,,,,,,,
Top 5 Toy Manufacturing Companies in Canada (2026),https://www.firmsledger.com/directory/toy-manufacturing?country=Canada,toy-manufacturing,Canada,5,6,Yes,,,,,,,,,,,,,,,,,
Top 5 Toy Manufacturing Companies in Germany (2026),https://www.firmsledger.com/directory/toy-manufacturing?country=Germany,toy-manufacturing,Germany,5,6,Yes,,,,,,,,,,,,,,,,,
Top 5 Toy Manufacturing Companies in France (2026),https://www.firmsledger.com/directory/toy-manufacturing?country=France,toy-manufacturing,France,5,6,Yes,,,,,,,,,,,,,,,,,
Top 10 Underwater Welding Companies (2026),https://www.firmsledger.com/directory/underwater-welding,underwater-welding,(global),10,6,Yes,,,,,,,,,,,,,,,,,
Top 10 Cryogenic Companies (2026),https://www.firmsledger.com/directory/cryogenic,cryogenic,(global),10,6,Yes,,,,,,,,,,,,,,,,,
Top 10 Clotted Cream Manufacturers (2026),https://www.firmsledger.com/directory/clotted-cream,clotted-cream,(global),10,6,Yes,,,,,,,,,,,,,,,,,
Top 5 Seasoning Companies in Greece (2026),https://www.firmsledger.com/directory/seasoning?country=Greece,seasoning,Greece,5,4,Yes,,,,,,,,,,,,,,,,,
Top 5 Accounting Software Companies in Kenya (2026),https://www.firmsledger.com/directory/accounting-software?country=Kenya,accounting-software,Kenya,5,4,Yes,,,,,,,,,,,,,,,,,
Top Airline Companies in Saudi Arabia (2026),https://www.firmsledger.com/directory/airlines?country=Saudi%20Arabia,airlines,Saudi Arabia,,6,Yes,,,,,,,,,,,,,,,,,
Top 7 Cell Phone Companies in United States (2026),https://www.firmsledger.com/directory/cell-phone-companies?country=United%20States,cell-phone-companies,United States,7,6,Yes,,,,,,,,,,,,,,,,,